"36","35","0","Action"
"37","35","0","Action"
"38","35","0","Action"
"39","35","0","Action"
"45","35","0","Action"
"47","35","0","Action"
"49","35","0","Action"
"60","35","0","Action"
"61","35","0","Action"
"63","35","0","Action"
"66","35","0","Action"
"68","35","0","Action"
"69","35","0","Action"
"70","35","0","Action"
"71","35","0","Action"
"72","35","0","Action"
"73","35","0","Action"
"75","35","0","Action"
"76","35","0","Action"
"77","35","0","Action"
"78","35","0","Action"
"79","35","0","Action"
"80","35","0","Action"
"81","35","0","Action"
"82","35","0","Action"
"83","35","0","Action"
"84","35","0","Action"
"86","35","0","Action"
"87","35","0","Action"
"88","35","0","Action"
"89","35","0","Action"
"93","35","0","Action"
"98","35","0","Action"
"99","35","0","Action"
"100","35","0","Action"
"103","35","0","Action"
"104","35","0","Action"
"105","35","0","Action"
"108","35","0","Action"
"109","35","0","Action"
"110","35","0","Action"
"112","35","0","Action"
"114","35","0","Action"
"117","35","0","Action"
"118","35","0","Action"
"119","35","0","Action"
"124","35","0","Action"
"135","35","0","Action"
"136","35","0","Action"
"138","35","0","Action"
"139","35","0","Action"
"141","35","0","Action"
"143","35","0","Action"
"144","35","0","Action"
"148","35","0","Action"
"150","35","0","Action"
"152","35","0","Action"
"154","35","0","Action"
"155","35","0","Action"
"159","35","0","Action"
"160","35","0","Action"
"162","35","0","Action"
"167","35","0","Action"
"172","35","0","Action"
"174","35","0","Action"
"176","35","0","Action"
"177","35","0","Action"
"181","35","0","Action"
"182","35","0","Action"
"183","35","0","Action"
"185","35","0","Action"
"186","35","0","Action"
"187","35","0","Action"
"188","35","0","Action"
"189","35","0","Action"
"190","35","0","Action"
"191","35","0","Action"
"193","35","0","Action"
"196","35","0","Action"
"198","35","0","Action"
"204","35","0","Action"
"207","35","0","Action"
"209","35","0","Action"
"211","35","0","Action"
"212","35","0","Action"
"214","35","0","Action"
"219","35","0","Action"
"224","35","0","Action"
"230","35","0","Action"
"235","35","0","Action"
"236","35","0","Action"
"238","35","0","Action"
"239","35","0","Action"
"240","35","0","Action"
"244","35","0","Action"
"245","35","0","Action"
"246","35","0","Action"
"247","35","0","Action"
"249","35","0","Action"
"250","35","0","Action"
"251","35","0","Action"
"252","35","0","Action"
"257","35","0","Action"
"263","35","0","Action"
"267","35","0","Action"
"269","35","0","Action"
"270","35","0","Action"
"272","35","0","Action"
"273","35","0","Action"
"276","35","0","Action"
"281","35","0","Action"
"282","35","0","Action"
"283","35","0","Action"
"284","35","0","Action"
"285","35","0","Action"
"286","35","0","Action"
"287","35","0","Action"
"288","35","0","Action"
"289","35","0","Action"
"290","35","0","Action"
"291","35","0","Action"
"292","35","0","Action"
"293","35","0","Action"
"294","35","0","Action"
"295","35","0","Action"
"297","35","0","Action"
"298","35","0","Action"
"300","35","0","Action"
"305","35","0","Action"
"306","35","0","Action"
"308","35","0","Action"
"319","35","0","Action"
"320","35","0","Action"
"321","35","0","Action"
"322","35","0","Action"
"323","35","0","Action"
"326","35","0","Action"
"329","35","0","Action"
"331","35","0","Action"
"332","35","0","Action"
"333","35","0","Action"
"334","35","0","Action"
"335","35","0","Action"
"336","35","0","Action"
"337","35","0","Action"
"338","35","0","Action"
"339","35","0","Action"
"340","35","0","Action"
"341","35","0","Action"
"342","35","0","Action"
"343","35","0","Action"
"344","35","0","Action"
"345","35","0","Action"
"346","35","0","Action"
"347","35","0","Action"
"348","35","0","Action"
"349","35","0","Action"
"352","35","0","Action"
"355","35","0","Action"
"356","35","0","Action"
"357","35","0","Action"
"358","35","0","Action"
"359","35","0","Action"
"362","35","0","Action"
"363","35","0","Action"
"364","35","0","Action"
"365","35","0","Action"
"366","35","0","Action"
"368","35","0","Action"
"369","35","0","Action"
"370","35","0","Action"
"371","35","0","Action"
"372","35","0","Action"
"375","35","0","Action"
"377","35","0","Action"
"378","35","0","Action"
"379","35","0","Action"
"382","35","0","Action"
"383","35","0","Action"
"386","35","0","Action"
"387","35","0","Action"
"388","35","0","Action"
"390","35","0","Action"
"391","35","0","Action"
"393","35","0","Action"
"396","35","0","Action"
"398","35","0","Action"
"399","35","0","Action"
"400","35","0","Action"
"404","35","0","Action"
"405","35","0","Action"
"406","35","0","Action"
"408","35","0","Action"
"409","35","0","Action"
"410","35","0","Action"
"412","35","0","Action"
"413","35","0","Action"
"415","35","0","Action"
"416","35","0","Action"
"422","35","0","Action"
"423","35","0","Action"
"424","35","0","Action"
"425","35","0","Action"
"426","35","0","Action"
"431","35","0","Action"
"432","35","0","Action"
"433","35","0","Action"
"434","35","0","Action"
"435","35","0","Action"
"436","35","0","Action"
"439","35","0","Action"
"440","35","0","Action"
"441","35","0","Action"
"442","35","0","Action"
"443","35","0","Action"
"444","35","0","Action"
"445","35","0","Action"
"450","35","0","Action"
"451","35","0","Action"
"454","35","0","Action"
"456","35","0","Action"
"461","35","0","Action"
"462","35","0","Action"
"466","35","0","Action"
"467","35","0","Action"
"471","35","0","Action"
"472","35","0","Action"
"474","35","0","Action"
"476","35","0","Action"
"478","35","0","Action"
"482","35","0","Action"
"492","35","0","Action"
"494","35","0","Action"
"495","35","0","Action"
"496","35","0","Action"
"499","35","0","Action"
"502","35","0","Action"
"503","35","0","Action"
"507","35","0","Action"
"510","35","0","Action"
"511","35","0","Action"
"512","35","0","Action"
"513","35","0","Action"
"515","35","0","Action"
"517","35","0","Action"
"519","35","0","Action"
"15","27","0","Adventure"
"16","27","0","Adventure"
"19","27","0","Adventure"
"32","27","0","Adventure"
"33","27","0","Adventure"
"35","27","0","Adventure"
"36","27","0","Adventure"
"37","27","0","Adventure"
"38","27","0","Adventure"
"39","27","0","Adventure"
"45","27","0","Adventure"
"47","27","0","Adventure"
"48","27","0","Adventure"
"49","27","0","Adventure"
"51","27","0","Adventure"
"53","27","0","Adventure"
"56","27","0","Adventure"
"58","27","0","Adventure"
"59","27","0","Adventure"
"62","27","0","Adventure"
"64","27","0","Adventure"
"71","27","0","Adventure"
"72","27","0","Adventure"
"75","27","0","Adventure"
"77","27","0","Adventure"
"78","27","0","Adventure"
"79","27","0","Adventure"
"80","27","0","Adventure"
"81","27","0","Adventure"
"82","27","0","Adventure"
"83","27","0","Adventure"
"84","27","0","Adventure"
"85","27","0","Adventure"
"86","27","0","Adventure"
"87","27","0","Adventure"
"88","27","0","Adventure"
"89","27","0","Adventure"
"90","27","0","Adventure"
"98","27","0","Adventure"
"100","27","0","Adventure"
"102","27","0","Adventure"
"103","27","0","Adventure"
"104","27","0","Adventure"
"105","27","0","Adventure"
"108","27","0","Adventure"
"109","27","0","Adventure"
"111","27","0","Adventure"
"117","27","0","Adventure"
"118","27","0","Adventure"
"124","27","0","Adventure"
"132","27","0","Adventure"
"133","27","0","Adventure"
"135","27","0","Adventure"
"136","27","0","Adventure"
"138","27","0","Adventure"
"139","27","0","Adventure"
"143","27","0","Adventure"
"144","27","0","Adventure"
"145","27","0","Adventure"
"148","27","0","Adventure"
"149","27","0","Adventure"
"152","27","0","Adventure"
"159","27","0","Adventure"
"161","27","0","Adventure"
"163","27","0","Adventure"
"170","27","0","Adventure"
"171","27","0","Adventure"
"173","27","0","Adventure"
"174","27","0","Adventure"
"177","27","0","Adventure"
"183","27","0","Adventure"
"185","27","0","Adventure"
"186","27","0","Adventure"
"187","27","0","Adventure"
"188","27","0","Adventure"
"190","27","0","Adventure"
"191","27","0","Adventure"
"196","27","0","Adventure"
"198","27","0","Adventure"
"200","27","0","Adventure"
"201","27","0","Adventure"
"203","27","0","Adventure"
"204","27","0","Adventure"
"206","27","0","Adventure"
"210","27","0","Adventure"
"211","27","0","Adventure"
"215","27","0","Adventure"
"217","27","0","Adventure"
"219","27","0","Adventure"
"221","27","0","Adventure"
"222","27","0","Adventure"
"223","27","0","Adventure"
"224","27","0","Adventure"
"238","27","0","Adventure"
"240","27","0","Adventure"
"241","27","0","Adventure"
"244","27","0","Adventure"
"245","27","0","Adventure"
"250","27","0","Adventure"
"255","27","0","Adventure"
"262","27","0","Adventure"
"264","27","0","Adventure"
"269","27","0","Adventure"
"271","27","0","Adventure"
"272","27","0","Adventure"
"276","27","0","Adventure"
"281","27","0","Adventure"
"282","27","0","Adventure"
"283","27","0","Adventure"
"284","27","0","Adventure"
"285","27","0","Adventure"
"286","27","0","Adventure"
"287","27","0","Adventure"
"298","27","0","Adventure"
"299","27","0","Adventure"
"300","27","0","Adventure"
"303","27","0","Adventure"
"309","27","0","Adventure"
"311","27","0","Adventure"
"312","27","0","Adventure"
"313","27","0","Adventure"
"314","27","0","Adventure"
"315","27","0","Adventure"
"316","27","0","Adventure"
"317","27","0","Adventure"
"319","27","0","Adventure"
"320","27","0","Adventure"
"321","27","0","Adventure"
"322","27","0","Adventure"
"323","27","0","Adventure"
"326","27","0","Adventure"
"328","27","0","Adventure"
"329","27","0","Adventure"
"335","27","0","Adventure"
"336","27","0","Adventure"
"337","27","0","Adventure"
"338","27","0","Adventure"
"339","27","0","Adventure"
"340","27","0","Adventure"
"342","27","0","Adventure"
"343","27","0","Adventure"
"344","27","0","Adventure"
"345","27","0","Adventure"
"347","27","0","Adventure"
"349","27","0","Adventure"
"350","27","0","Adventure"
"351","27","0","Adventure"
"352","27","0","Adventure"
"355","27","0","Adventure"
"358","27","0","Adventure"
"363","27","0","Adventure"
"365","27","0","Adventure"
"366","27","0","Adventure"
"368","27","0","Adventure"
"369","27","0","Adventure"
"370","27","0","Adventure"
"373","27","0","Adventure"
"374","27","0","Adventure"
"378","27","0","Adventure"
"379","27","0","Adventure"
"383","27","0","Adventure"
"390","27","0","Adventure"
"391","27","0","Adventure"
"396","27","0","Adventure"
"398","27","0","Adventure"
"399","27","0","Adventure"
"406","27","0","Adventure"
"410","27","0","Adventure"
"415","27","0","Adventure"
"416","27","0","Adventure"
"418","27","0","Adventure"
"420","27","0","Adventure"
"423","27","0","Adventure"
"424","27","0","Adventure"
"426","27","0","Adventure"
"427","27","0","Adventure"
"429","27","0","Adventure"
"432","27","0","Adventure"
"433","27","0","Adventure"
"434","27","0","Adventure"
"435","27","0","Adventure"
"436","27","0","Adventure"
"437","27","0","Adventure"
"440","27","0","Adventure"
"441","27","0","Adventure"
"442","27","0","Adventure"
"443","27","0","Adventure"
"444","27","0","Adventure"
"446","27","0","Adventure"
"447","27","0","Adventure"
"451","27","0","Adventure"
"456","27","0","Adventure"
"458","27","0","Adventure"
"467","27","0","Adventure"
"468","27","0","Adventure"
"469","27","0","Adventure"
"474","27","0","Adventure"
"478","27","0","Adventure"
"482","27","0","Adventure"
"494","27","0","Adventure"
"495","27","0","Adventure"
"501","27","0","Adventure"
"509","27","0","Adventure"
"510","27","0","Adventure"
"514","27","0","Adventure"
"521","27","0","Adventure"
"15","36","0","Animation"
"16","36","0","Animation"
"17","36","0","Animation"
"18","36","0","Animation"
"19","36","0","Animation"
"20","36","0","Animation"
"21","36","0","Animation"
"22","36","0","Animation"
"23","36","0","Animation"
"24","36","0","Animation"
"25","36","0","Animation"
"26","36","0","Animation"
"27","36","0","Animation"
"28","36","0","Animation"
"29","36","0","Animation"
"30","36","0","Animation"
"31","36","0","Animation"
"32","36","0","Animation"
"33","36","0","Animation"
"34","36","0","Animation"
"35","36","0","Animation"
"41","36","0","Animation"
"42","36","0","Animation"
"43","36","0","Animation"
"46","36","0","Animation"
"48","36","0","Animation"
"51","36","0","Animation"
"52","36","0","Animation"
"53","36","0","Animation"
"55","36","0","Animation"
"56","36","0","Animation"
"58","36","0","Animation"
"59","36","0","Animation"
"90","36","0","Animation"
"91","36","0","Animation"
"95","36","0","Animation"
"107","36","0","Animation"
"109","36","0","Animation"
"111","36","0","Animation"
"116","36","0","Animation"
"123","36","0","Animation"
"124","36","0","Animation"
"127","36","0","Animation"
"129","36","0","Animation"
"130","36","0","Animation"
"142","36","0","Animation"
"153","36","0","Animation"
"163","36","0","Animation"
"175","36","0","Animation"
"194","36","0","Animation"
"200","36","0","Animation"
"203","36","0","Animation"
"206","36","0","Animation"
"207","36","0","Animation"
"213","36","0","Animation"
"216","36","0","Animation"
"220","36","0","Animation"
"221","36","0","Animation"
"222","36","0","Animation"
"223","36","0","Animation"
"237","36","0","Animation"
"241","36","0","Animation"
"255","36","0","Animation"
"258","36","0","Animation"
"264","36","0","Animation"
"277","36","0","Animation"
"299","36","0","Animation"
"303","36","0","Animation"
"304","36","0","Animation"
"327","36","0","Animation"
"330","36","0","Animation"
"361","36","0","Animation"
"367","36","0","Animation"
"373","36","0","Animation"
"376","36","0","Animation"
"389","36","0","Animation"
"394","36","0","Animation"
"395","36","0","Animation"
"397","36","0","Animation"
"410","36","0","Animation"
"411","36","0","Animation"
"428","36","0","Animation"
"429","36","0","Animation"
"438","36","0","Animation"
"458","36","0","Animation"
"468","36","0","Animation"
"469","36","0","Animation"
"475","36","0","Animation"
"484","36","0","Animation"
"486","36","0","Animation"
"493","36","0","Animation"
"505","36","0","Animation"
"509","36","0","Animation"
"514","36","0","Animation"
"16","33","0","Comedy"
"21","33","0","Comedy"
"22","33","0","Comedy"
"33","33","0","Comedy"
"44","33","0","Comedy"
"46","33","0","Comedy"
"50","33","0","Comedy"
"51","33","0","Comedy"
"52","33","0","Comedy"
"59","33","0","Comedy"
"71","33","0","Comedy"
"72","33","0","Comedy"
"74","33","0","Comedy"
"79","33","0","Comedy"
"80","33","0","Comedy"
"86","33","0","Comedy"
"87","33","0","Comedy"
"93","33","0","Comedy"
"96","33","0","Comedy"
"97","33","0","Comedy"
"98","33","0","Comedy"
"99","33","0","Comedy"
"100","33","0","Comedy"
"101","33","0","Comedy"
"106","33","0","Comedy"
"111","33","0","Comedy"
"112","33","0","Comedy"
"113","33","0","Comedy"
"114","33","0","Comedy"
"121","33","0","Comedy"
"122","33","0","Comedy"
"123","33","0","Comedy"
"124","33","0","Comedy"
"125","33","0","Comedy"
"126","33","0","Comedy"
"127","33","0","Comedy"
"128","33","0","Comedy"
"134","33","0","Comedy"
"135","33","0","Comedy"
"136","33","0","Comedy"
"137","33","0","Comedy"
"140","33","0","Comedy"
"142","33","0","Comedy"
"145","33","0","Comedy"
"151","33","0","Comedy"
"157","33","0","Comedy"
"163","33","0","Comedy"
"164","33","0","Comedy"
"169","33","0","Comedy"
"171","33","0","Comedy"
"174","33","0","Comedy"
"175","33","0","Comedy"
"177","33","0","Comedy"
"178","33","0","Comedy"
"179","33","0","Comedy"
"180","33","0","Comedy"
"184","33","0","Comedy"
"191","33","0","Comedy"
"197","33","0","Comedy"
"199","33","0","Comedy"
"200","33","0","Comedy"
"202","33","0","Comedy"
"203","33","0","Comedy"
"204","33","0","Comedy"
"205","33","0","Comedy"
"211","33","0","Comedy"
"214","33","0","Comedy"
"215","33","0","Comedy"
"217","33","0","Comedy"
"220","33","0","Comedy"
"221","33","0","Comedy"
"222","33","0","Comedy"
"223","33","0","Comedy"
"225","33","0","Comedy"
"227","33","0","Comedy"
"228","33","0","Comedy"
"231","33","0","Comedy"
"232","33","0","Comedy"
"233","33","0","Comedy"
"234","33","0","Comedy"
"236","33","0","Comedy"
"237","33","0","Comedy"
"242","33","0","Comedy"
"243","33","0","Comedy"
"248","33","0","Comedy"
"255","33","0","Comedy"
"256","33","0","Comedy"
"258","33","0","Comedy"
"259","33","0","Comedy"
"260","33","0","Comedy"
"261","33","0","Comedy"
"262","33","0","Comedy"
"265","33","0","Comedy"
"266","33","0","Comedy"
"267","33","0","Comedy"
"271","33","0","Comedy"
"274","33","0","Comedy"
"275","33","0","Comedy"
"293","33","0","Comedy"
"295","33","0","Comedy"
"296","33","0","Comedy"
"299","33","0","Comedy"
"301","33","0","Comedy"
"302","33","0","Comedy"
"303","33","0","Comedy"
"304","33","0","Comedy"
"318","33","0","Comedy"
"320","33","0","Comedy"
"324","33","0","Comedy"
"331","33","0","Comedy"
"335","33","0","Comedy"
"336","33","0","Comedy"
"352","33","0","Comedy"
"353","33","0","Comedy"
"367","33","0","Comedy"
"370","33","0","Comedy"
"373","33","0","Comedy"
"374","33","0","Comedy"
"375","33","0","Comedy"
"381","33","0","Comedy"
"382","33","0","Comedy"
"387","33","0","Comedy"
"393","33","0","Comedy"
"397","33","0","Comedy"
"398","33","0","Comedy"
"405","33","0","Comedy"
"407","33","0","Comedy"
"411","33","0","Comedy"
"420","33","0","Comedy"
"428","33","0","Comedy"
"437","33","0","Comedy"
"438","33","0","Comedy"
"439","33","0","Comedy"
"445","33","0","Comedy"
"448","33","0","Comedy"
"452","33","0","Comedy"
"453","33","0","Comedy"
"454","33","0","Comedy"
"455","33","0","Comedy"
"458","33","0","Comedy"
"469","33","0","Comedy"
"470","33","0","Comedy"
"472","33","0","Comedy"
"475","33","0","Comedy"
"477","33","0","Comedy"
"485","33","0","Comedy"
"492","33","0","Comedy"
"493","33","0","Comedy"
"494","33","0","Comedy"
"502","33","0","Comedy"
"514","33","0","Comedy"
"516","33","0","Comedy"
"520","33","0","Comedy"
"521","33","0","Comedy"
"78","34","0","Crime"
"87","34","0","Crime"
"99","34","0","Crime"
"112","34","0","Crime"
"125","34","0","Crime"
"141","34","0","Crime"
"143","34","0","Crime"
"156","34","0","Crime"
"160","34","0","Crime"
"165","34","0","Crime"
"172","34","0","Crime"
"176","34","0","Crime"
"186","34","0","Crime"
"187","34","0","Crime"
"188","34","0","Crime"
"193","34","0","Crime"
"209","34","0","Crime"
"212","34","0","Crime"
"230","34","0","Crime"
"251","34","0","Crime"
"263","34","0","Crime"
"267","34","0","Crime"
"269","34","0","Crime"
"270","34","0","Crime"
"279","34","0","Crime"
"280","34","0","Crime"
"290","34","0","Crime"
"291","34","0","Crime"
"292","34","0","Crime"
"293","34","0","Crime"
"305","34","0","Crime"
"306","34","0","Crime"
"325","34","0","Crime"
"331","34","0","Crime"
"352","34","0","Crime"
"379","34","0","Crime"
"387","34","0","Crime"
"393","34","0","Crime"
"412","34","0","Crime"
"415","34","0","Crime"
"423","34","0","Crime"
"424","34","0","Crime"
"439","34","0","Crime"
"445","34","0","Crime"
"453","34","0","Crime"
"460","34","0","Crime"
"461","34","0","Crime"
"472","34","0","Crime"
"473","34","0","Crime"
"492","34","0","Crime"
"496","34","0","Crime"
"497","34","0","Crime"
"504","34","0","Crime"
"512","34","0","Crime"
"167","50","0","Disaster"
"218","50","0","Disaster"
"238","50","0","Disaster"
"332","50","0","Disaster"
"436","50","0","Disaster"
"450","50","0","Disaster"
"92","47","0","Documentary"
"94","47","0","Documentary"
"522","47","0","Documentary"
"55","28","0","Drama"
"64","28","0","Drama"
"65","28","0","Drama"
"66","28","0","Drama"
"70","28","0","Drama"
"71","28","0","Drama"
"73","28","0","Drama"
"82","28","0","Drama"
"87","28","0","Drama"
"95","28","0","Drama"
"98","28","0","Drama"
"106","28","0","Drama"
"110","28","0","Drama"
"121","28","0","Drama"
"132","28","0","Drama"
"133","28","0","Drama"
"140","28","0","Drama"
"143","28","0","Drama"
"146","28","0","Drama"
"147","28","0","Drama"
"148","28","0","Drama"
"156","28","0","Drama"
"160","28","0","Drama"
"161","28","0","Drama"
"165","28","0","Drama"
"166","28","0","Drama"
"167","28","0","Drama"
"170","28","0","Drama"
"172","28","0","Drama"
"173","28","0","Drama"
"179","28","0","Drama"
"184","28","0","Drama"
"185","28","0","Drama"
"186","28","0","Drama"
"188","28","0","Drama"
"192","28","0","Drama"
"193","28","0","Drama"
"195","28","0","Drama"
"197","28","0","Drama"
"208","28","0","Drama"
"214","28","0","Drama"
"218","28","0","Drama"
"219","28","0","Drama"
"226","28","0","Drama"
"227","28","0","Drama"
"229","28","0","Drama"
"234","28","0","Drama"
"238","28","0","Drama"
"239","28","0","Drama"
"250","28","0","Drama"
"251","28","0","Drama"
"253","28","0","Drama"
"254","28","0","Drama"
"266","28","0","Drama"
"271","28","0","Drama"
"275","28","0","Drama"
"278","28","0","Drama"
"279","28","0","Drama"
"280","28","0","Drama"
"286","28","0","Drama"
"289","28","0","Drama"
"297","28","0","Drama"
"301","28","0","Drama"
"302","28","0","Drama"
"305","28","0","Drama"
"306","28","0","Drama"
"310","28","0","Drama"
"320","28","0","Drama"
"321","28","0","Drama"
"325","28","0","Drama"
"328","28","0","Drama"
"330","28","0","Drama"
"333","28","0","Drama"
"350","28","0","Drama"
"351","28","0","Drama"
"354","28","0","Drama"
"355","28","0","Drama"
"360","28","0","Drama"
"362","28","0","Drama"
"372","28","0","Drama"
"375","28","0","Drama"
"384","28","0","Drama"
"400","28","0","Drama"
"402","28","0","Drama"
"403","28","0","Drama"
"414","28","0","Drama"
"427","28","0","Drama"
"431","28","0","Drama"
"436","28","0","Drama"
"447","28","0","Drama"
"449","28","0","Drama"
"454","28","0","Drama"
"457","28","0","Drama"
"460","28","0","Drama"
"461","28","0","Drama"
"462","28","0","Drama"
"463","28","0","Drama"
"473","28","0","Drama"
"483","28","0","Drama"
"484","28","0","Drama"
"487","28","0","Drama"
"488","28","0","Drama"
"489","28","0","Drama"
"490","28","0","Drama"
"492","28","0","Drama"
"496","28","0","Drama"
"500","28","0","Drama"
"503","28","0","Drama"
"504","28","0","Drama"
"506","28","0","Drama"
"508","28","0","Drama"
"512","28","0","Drama"
"517","28","0","Drama"
"518","28","0","Drama"
"520","28","0","Drama"
"15","31","0","Family"
"16","31","0","Family"
"17","31","0","Family"
"18","31","0","Family"
"19","31","0","Family"
"20","31","0","Family"
"21","31","0","Family"
"22","31","0","Family"
"23","31","0","Family"
"24","31","0","Family"
"25","31","0","Family"
"26","31","0","Family"
"27","31","0","Family"
"28","31","0","Family"
"29","31","0","Family"
"30","31","0","Family"
"31","31","0","Family"
"32","31","0","Family"
"33","31","0","Family"
"34","31","0","Family"
"35","31","0","Family"
"41","31","0","Family"
"42","31","0","Family"
"43","31","0","Family"
"44","31","0","Family"
"45","31","0","Family"
"46","31","0","Family"
"48","31","0","Family"
"50","31","0","Family"
"52","31","0","Family"
"53","31","0","Family"
"55","31","0","Family"
"56","31","0","Family"
"58","31","0","Family"
"59","31","0","Family"
"62","31","0","Family"
"64","31","0","Family"
"71","31","0","Family"
"72","31","0","Family"
"74","31","0","Family"
"79","31","0","Family"
"80","31","0","Family"
"85","31","0","Family"
"90","31","0","Family"
"91","31","0","Family"
"92","31","0","Family"
"95","31","0","Family"
"96","31","0","Family"
"97","31","0","Family"
"98","31","0","Family"
"109","31","0","Family"
"111","31","0","Family"
"116","31","0","Family"
"123","31","0","Family"
"124","31","0","Family"
"127","31","0","Family"
"128","31","0","Family"
"129","31","0","Family"
"130","31","0","Family"
"132","31","0","Family"
"133","31","0","Family"
"134","31","0","Family"
"142","31","0","Family"
"145","31","0","Family"
"146","31","0","Family"
"149","31","0","Family"
"153","31","0","Family"
"163","31","0","Family"
"166","31","0","Family"
"168","31","0","Family"
"170","31","0","Family"
"175","31","0","Family"
"194","31","0","Family"
"199","31","0","Family"
"200","31","0","Family"
"201","31","0","Family"
"203","31","0","Family"
"206","31","0","Family"
"207","31","0","Family"
"211","31","0","Family"
"213","31","0","Family"
"215","31","0","Family"
"216","31","0","Family"
"217","31","0","Family"
"220","31","0","Family"
"222","31","0","Family"
"223","31","0","Family"
"236","31","0","Family"
"237","31","0","Family"
"241","31","0","Family"
"243","31","0","Family"
"254","31","0","Family"
"258","31","0","Family"
"259","31","0","Family"
"261","31","0","Family"
"264","31","0","Family"
"266","31","0","Family"
"267","31","0","Family"
"271","31","0","Family"
"272","31","0","Family"
"275","31","0","Family"
"298","31","0","Family"
"299","31","0","Family"
"301","31","0","Family"
"302","31","0","Family"
"303","31","0","Family"
"304","31","0","Family"
"309","31","0","Family"
"311","31","0","Family"
"312","31","0","Family"
"313","31","0","Family"
"314","31","0","Family"
"315","31","0","Family"
"316","31","0","Family"
"317","31","0","Family"
"320","31","0","Family"
"321","31","0","Family"
"324","31","0","Family"
"327","31","0","Family"
"329","31","0","Family"
"330","31","0","Family"
"341","31","0","Family"
"342","31","0","Family"
"343","31","0","Family"
"350","31","0","Family"
"351","31","0","Family"
"353","31","0","Family"
"361","31","0","Family"
"363","31","0","Family"
"367","31","0","Family"
"370","31","0","Family"
"376","31","0","Family"
"380","31","0","Family"
"389","31","0","Family"
"394","31","0","Family"
"395","31","0","Family"
"397","31","0","Family"
"410","31","0","Family"
"411","31","0","Family"
"414","31","0","Family"
"420","31","0","Family"
"427","31","0","Family"
"428","31","0","Family"
"429","31","0","Family"
"437","31","0","Family"
"438","31","0","Family"
"446","31","0","Family"
"447","31","0","Family"
"458","31","0","Family"
"468","31","0","Family"
"469","31","0","Family"
"475","31","0","Family"
"477","31","0","Family"
"482","31","0","Family"
"484","31","0","Family"
"485","31","0","Family"
"486","31","0","Family"
"488","31","0","Family"
"493","31","0","Family"
"500","31","0","Family"
"505","31","0","Family"
"509","31","0","Family"
"514","31","0","Family"
"521","31","0","Family"
"19","29","0","Fantasy"
"20","29","0","Fantasy"
"25","29","0","Fantasy"
"26","29","0","Fantasy"
"29","29","0","Fantasy"
"31","29","0","Fantasy"
"34","29","0","Fantasy"
"36","29","0","Fantasy"
"37","29","0","Fantasy"
"38","29","0","Fantasy"
"44","29","0","Fantasy"
"45","29","0","Fantasy"
"47","29","0","Fantasy"
"50","29","0","Fantasy"
"58","29","0","Fantasy"
"62","29","0","Fantasy"
"64","29","0","Fantasy"
"68","29","0","Fantasy"
"69","29","0","Fantasy"
"73","29","0","Fantasy"
"74","29","0","Fantasy"
"75","29","0","Fantasy"
"79","29","0","Fantasy"
"81","29","0","Fantasy"
"82","29","0","Fantasy"
"83","29","0","Fantasy"
"84","29","0","Fantasy"
"85","29","0","Fantasy"
"88","29","0","Fantasy"
"98","29","0","Fantasy"
"106","29","0","Fantasy"
"117","29","0","Fantasy"
"118","29","0","Fantasy"
"126","29","0","Fantasy"
"132","29","0","Fantasy"
"133","29","0","Fantasy"
"142","29","0","Fantasy"
"145","29","0","Fantasy"
"149","29","0","Fantasy"
"159","29","0","Fantasy"
"161","29","0","Fantasy"
"162","29","0","Fantasy"
"163","29","0","Fantasy"
"168","29","0","Fantasy"
"170","29","0","Fantasy"
"173","29","0","Fantasy"
"181","29","0","Fantasy"
"191","29","0","Fantasy"
"195","29","0","Fantasy"
"196","29","0","Fantasy"
"201","29","0","Fantasy"
"202","29","0","Fantasy"
"215","29","0","Fantasy"
"224","29","0","Fantasy"
"229","29","0","Fantasy"
"236","29","0","Fantasy"
"241","29","0","Fantasy"
"245","29","0","Fantasy"
"261","29","0","Fantasy"
"271","29","0","Fantasy"
"272","29","0","Fantasy"
"273","29","0","Fantasy"
"282","29","0","Fantasy"
"283","29","0","Fantasy"
"284","29","0","Fantasy"
"290","29","0","Fantasy"
"291","29","0","Fantasy"
"292","29","0","Fantasy"
"294","29","0","Fantasy"
"296","29","0","Fantasy"
"298","29","0","Fantasy"
"300","29","0","Fantasy"
"309","29","0","Fantasy"
"310","29","0","Fantasy"
"311","29","0","Fantasy"
"312","29","0","Fantasy"
"313","29","0","Fantasy"
"314","29","0","Fantasy"
"315","29","0","Fantasy"
"316","29","0","Fantasy"
"317","29","0","Fantasy"
"322","29","0","Fantasy"
"324","29","0","Fantasy"
"328","29","0","Fantasy"
"330","29","0","Fantasy"
"337","29","0","Fantasy"
"338","29","0","Fantasy"
"339","29","0","Fantasy"
"340","29","0","Fantasy"
"341","29","0","Fantasy"
"342","29","0","Fantasy"
"343","29","0","Fantasy"
"344","29","0","Fantasy"
"345","29","0","Fantasy"
"350","29","0","Fantasy"
"351","29","0","Fantasy"
"355","29","0","Fantasy"
"361","29","0","Fantasy"
"363","29","0","Fantasy"
"364","29","0","Fantasy"
"365","29","0","Fantasy"
"366","29","0","Fantasy"
"370","29","0","Fantasy"
"376","29","0","Fantasy"
"382","29","0","Fantasy"
"394","29","0","Fantasy"
"395","29","0","Fantasy"
"396","29","0","Fantasy"
"398","29","0","Fantasy"
"399","29","0","Fantasy"
"404","29","0","Fantasy"
"410","29","0","Fantasy"
"419","29","0","Fantasy"
"420","29","0","Fantasy"
"425","29","0","Fantasy"
"426","29","0","Fantasy"
"429","29","0","Fantasy"
"432","29","0","Fantasy"
"433","29","0","Fantasy"
"434","29","0","Fantasy"
"435","29","0","Fantasy"
"437","29","0","Fantasy"
"443","29","0","Fantasy"
"444","29","0","Fantasy"
"446","29","0","Fantasy"
"447","29","0","Fantasy"
"452","29","0","Fantasy"
"455","29","0","Fantasy"
"458","29","0","Fantasy"
"467","29","0","Fantasy"
"468","29","0","Fantasy"
"471","29","0","Fantasy"
"474","29","0","Fantasy"
"475","29","0","Fantasy"
"482","29","0","Fantasy"
"484","29","0","Fantasy"
"494","29","0","Fantasy"
"500","29","0","Fantasy"
"521","29","0","Fantasy"
"64","39","0","Foreign"
"65","39","0","Foreign"
"74","39","0","Foreign"
"77","39","0","Foreign"
"78","39","0","Foreign"
"125","39","0","Foreign"
"138","39","0","Foreign"
"150","39","0","Foreign"
"172","39","0","Foreign"
"179","39","0","Foreign"
"184","39","0","Foreign"
"199","39","0","Foreign"
"204","39","0","Foreign"
"214","39","0","Foreign"
"219","39","0","Foreign"
"259","39","0","Foreign"
"324","39","0","Foreign"
"389","39","0","Foreign"
"420","39","0","Foreign"
"438","39","0","Foreign"
"488","39","0","Foreign"
"489","39","0","Foreign"
"354","52","0","History"
"362","52","0","History"
"400","52","0","History"
"463","52","0","History"
"489","52","0","History"
"520","52","0","History"
"90","38","0","Holiday"
"101","38","0","Holiday"
"130","38","0","Holiday"
"166","38","0","Holiday"
"199","38","0","Holiday"
"215","38","0","Holiday"
"217","38","0","Holiday"
"242","38","0","Holiday"
"261","38","0","Holiday"
"375","38","0","Holiday"
"477","38","0","Holiday"
"68","41","0","Horror"
"70","41","0","Horror"
"76","41","0","Horror"
"81","41","0","Horror"
"82","41","0","Horror"
"104","41","0","Horror"
"162","41","0","Horror"
"180","41","0","Horror"
"225","41","0","Horror"
"268","41","0","Horror"
"278","41","0","Horror"
"296","41","0","Horror"
"346","41","0","Horror"
"356","41","0","Horror"
"357","41","0","Horror"
"358","41","0","Horror"
"359","41","0","Horror"
"406","41","0","Horror"
"419","41","0","Horror"
"425","41","0","Horror"
"448","41","0","Horror"
"462","41","0","Horror"
"517","41","0","Horror"
"214","46","0","Indie"
"25","40","0","Music"
"33","40","0","Music"
"34","40","0","Music"
"53","40","0","Music"
"85","40","0","Music"
"101","40","0","Music"
"115","40","0","Music"
"166","40","0","Music"
"168","40","0","Music"
"226","40","0","Music"
"266","40","0","Music"
"274","40","0","Music"
"278","40","0","Music"
"301","40","0","Music"
"302","40","0","Music"
"318","40","0","Music"
"373","40","0","Music"
"384","40","0","Music"
"403","40","0","Music"
"438","40","0","Music"
"488","40","0","Music"
"516","40","0","Music"
"18","42","0","Musical"
"25","42","0","Musical"
"33","42","0","Musical"
"34","42","0","Musical"
"52","42","0","Musical"
"53","42","0","Musical"
"85","42","0","Musical"
"96","42","0","Musical"
"101","42","0","Musical"
"115","42","0","Musical"
"146","42","0","Musical"
"166","42","0","Musical"
"168","42","0","Musical"
"226","42","0","Musical"
"259","42","0","Musical"
"266","42","0","Musical"
"274","42","0","Musical"
"278","42","0","Musical"
"301","42","0","Musical"
"302","42","0","Musical"
"318","42","0","Musical"
"373","42","0","Musical"
"376","42","0","Musical"
"384","42","0","Musical"
"395","42","0","Musical"
"403","42","0","Musical"
"438","42","0","Musical"
"488","42","0","Musical"
"509","42","0","Musical"
"516","42","0","Musical"
"39","43","0","Mystery"
"73","43","0","Mystery"
"87","43","0","Mystery"
"89","43","0","Mystery"
"109","43","0","Mystery"
"156","43","0","Mystery"
"165","43","0","Mystery"
"172","43","0","Mystery"
"192","43","0","Mystery"
"195","43","0","Mystery"
"208","43","0","Mystery"
"210","43","0","Mystery"
"211","43","0","Mystery"
"229","43","0","Mystery"
"267","43","0","Mystery"
"269","43","0","Mystery"
"270","43","0","Mystery"
"297","43","0","Mystery"
"310","43","0","Mystery"
"312","43","0","Mystery"
"371","43","0","Mystery"
"379","43","0","Mystery"
"419","43","0","Mystery"
"420","43","0","Mystery"
"456","43","0","Mystery"
"499","43","0","Mystery"
"136","49","0","Road Movie"
"31","32","0","Romance"
"44","32","0","Romance"
"64","32","0","Romance"
"86","32","0","Romance"
"95","32","0","Romance"
"101","32","0","Romance"
"132","32","0","Romance"
"133","32","0","Romance"
"137","32","0","Romance"
"140","32","0","Romance"
"147","32","0","Romance"
"151","32","0","Romance"
"157","32","0","Romance"
"161","32","0","Romance"
"164","32","0","Romance"
"166","32","0","Romance"
"167","32","0","Romance"
"178","32","0","Romance"
"184","32","0","Romance"
"197","32","0","Romance"
"214","32","0","Romance"
"226","32","0","Romance"
"227","32","0","Romance"
"229","32","0","Romance"
"234","32","0","Romance"
"266","32","0","Romance"
"274","32","0","Romance"
"310","32","0","Romance"
"318","32","0","Romance"
"321","32","0","Romance"
"325","32","0","Romance"
"328","32","0","Romance"
"353","32","0","Romance"
"384","32","0","Romance"
"385","32","0","Romance"
"394","32","0","Romance"
"395","32","0","Romance"
"407","32","0","Romance"
"419","32","0","Romance"
"447","32","0","Romance"
"451","32","0","Romance"
"483","32","0","Romance"
"500","32","0","Romance"
"516","32","0","Romance"
"25","30","0","Science Fiction"
"44","30","0","Science Fiction"
"45","30","0","Science Fiction"
"47","30","0","Science Fiction"
"49","30","0","Science Fiction"
"50","30","0","Science Fiction"
"58","30","0","Science Fiction"
"60","30","0","Science Fiction"
"61","30","0","Science Fiction"
"63","30","0","Science Fiction"
"64","30","0","Science Fiction"
"65","30","0","Science Fiction"
"66","30","0","Science Fiction"
"68","30","0","Science Fiction"
"69","30","0","Science Fiction"
"70","30","0","Science Fiction"
"75","30","0","Science Fiction"
"76","30","0","Science Fiction"
"84","30","0","Science Fiction"
"85","30","0","Science Fiction"
"88","30","0","Science Fiction"
"89","30","0","Science Fiction"
"98","30","0","Science Fiction"
"100","30","0","Science Fiction"
"102","30","0","Science Fiction"
"103","30","0","Science Fiction"
"104","30","0","Science Fiction"
"108","30","0","Science Fiction"
"114","30","0","Science Fiction"
"118","30","0","Science Fiction"
"119","30","0","Science Fiction"
"132","30","0","Science Fiction"
"138","30","0","Science Fiction"
"144","30","0","Science Fiction"
"152","30","0","Science Fiction"
"154","30","0","Science Fiction"
"163","30","0","Science Fiction"
"170","30","0","Science Fiction"
"171","30","0","Science Fiction"
"177","30","0","Science Fiction"
"181","30","0","Science Fiction"
"183","30","0","Science Fiction"
"191","30","0","Science Fiction"
"198","30","0","Science Fiction"
"210","30","0","Science Fiction"
"215","30","0","Science Fiction"
"218","30","0","Science Fiction"
"224","30","0","Science Fiction"
"236","30","0","Science Fiction"
"241","30","0","Science Fiction"
"244","30","0","Science Fiction"
"245","30","0","Science Fiction"
"247","30","0","Science Fiction"
"249","30","0","Science Fiction"
"252","30","0","Science Fiction"
"254","30","0","Science Fiction"
"259","30","0","Science Fiction"
"271","30","0","Science Fiction"
"272","30","0","Science Fiction"
"273","30","0","Science Fiction"
"276","30","0","Science Fiction"
"289","30","0","Science Fiction"
"290","30","0","Science Fiction"
"291","30","0","Science Fiction"
"292","30","0","Science Fiction"
"297","30","0","Science Fiction"
"298","30","0","Science Fiction"
"300","30","0","Science Fiction"
"309","30","0","Science Fiction"
"319","30","0","Science Fiction"
"323","30","0","Science Fiction"
"326","30","0","Science Fiction"
"329","30","0","Science Fiction"
"330","30","0","Science Fiction"
"332","30","0","Science Fiction"
"333","30","0","Science Fiction"
"334","30","0","Science Fiction"
"335","30","0","Science Fiction"
"336","30","0","Science Fiction"
"337","30","0","Science Fiction"
"338","30","0","Science Fiction"
"339","30","0","Science Fiction"
"340","30","0","Science Fiction"
"341","30","0","Science Fiction"
"342","30","0","Science Fiction"
"343","30","0","Science Fiction"
"344","30","0","Science Fiction"
"345","30","0","Science Fiction"
"346","30","0","Science Fiction"
"348","30","0","Science Fiction"
"349","30","0","Science Fiction"
"350","30","0","Science Fiction"
"351","30","0","Science Fiction"
"355","30","0","Science Fiction"
"356","30","0","Science Fiction"
"357","30","0","Science Fiction"
"358","30","0","Science Fiction"
"359","30","0","Science Fiction"
"360","30","0","Science Fiction"
"361","30","0","Science Fiction"
"363","30","0","Science Fiction"
"370","30","0","Science Fiction"
"371","30","0","Science Fiction"
"372","30","0","Science Fiction"
"374","30","0","Science Fiction"
"377","30","0","Science Fiction"
"378","30","0","Science Fiction"
"382","30","0","Science Fiction"
"385","30","0","Science Fiction"
"388","30","0","Science Fiction"
"391","30","0","Science Fiction"
"396","30","0","Science Fiction"
"398","30","0","Science Fiction"
"399","30","0","Science Fiction"
"406","30","0","Science Fiction"
"410","30","0","Science Fiction"
"413","30","0","Science Fiction"
"416","30","0","Science Fiction"
"417","30","0","Science Fiction"
"418","30","0","Science Fiction"
"420","30","0","Science Fiction"
"422","30","0","Science Fiction"
"423","30","0","Science Fiction"
"424","30","0","Science Fiction"
"425","30","0","Science Fiction"
"426","30","0","Science Fiction"
"431","30","0","Science Fiction"
"440","30","0","Science Fiction"
"441","30","0","Science Fiction"
"442","30","0","Science Fiction"
"444","30","0","Science Fiction"
"447","30","0","Science Fiction"
"451","30","0","Science Fiction"
"456","30","0","Science Fiction"
"457","30","0","Science Fiction"
"462","30","0","Science Fiction"
"471","30","0","Science Fiction"
"474","30","0","Science Fiction"
"482","30","0","Science Fiction"
"494","30","0","Science Fiction"
"495","30","0","Science Fiction"
"498","30","0","Science Fiction"
"499","30","0","Science Fiction"
"501","30","0","Science Fiction"
"507","30","0","Science Fiction"
"510","30","0","Science Fiction"
"517","30","0","Science Fiction"
"519","30","0","Science Fiction"
"429","54","0","Short"
"228","45","0","Sport"
"431","45","0","Sport"
"354","53","0","Sports Film"
"431","53","0","Sports Film"
"500","53","0","Sports Film"
"245","51","0","Suspense"
"250","51","0","Suspense"
"39","37","0","Thriller"
"60","37","0","Thriller"
"61","37","0","Thriller"
"63","37","0","Thriller"
"65","37","0","Thriller"
"66","37","0","Thriller"
"69","37","0","Thriller"
"70","37","0","Thriller"
"73","37","0","Thriller"
"76","37","0","Thriller"
"77","37","0","Thriller"
"78","37","0","Thriller"
"81","37","0","Thriller"
"82","37","0","Thriller"
"83","37","0","Thriller"
"84","37","0","Thriller"
"87","37","0","Thriller"
"89","37","0","Thriller"
"100","37","0","Thriller"
"104","37","0","Thriller"
"105","37","0","Thriller"
"108","37","0","Thriller"
"110","37","0","Thriller"
"133","37","0","Thriller"
"138","37","0","Thriller"
"141","37","0","Thriller"
"143","37","0","Thriller"
"152","37","0","Thriller"
"154","37","0","Thriller"
"156","37","0","Thriller"
"160","37","0","Thriller"
"165","37","0","Thriller"
"172","37","0","Thriller"
"176","37","0","Thriller"
"182","37","0","Thriller"
"185","37","0","Thriller"
"186","37","0","Thriller"
"187","37","0","Thriller"
"188","37","0","Thriller"
"189","37","0","Thriller"
"190","37","0","Thriller"
"192","37","0","Thriller"
"193","37","0","Thriller"
"195","37","0","Thriller"
"198","37","0","Thriller"
"204","37","0","Thriller"
"208","37","0","Thriller"
"209","37","0","Thriller"
"212","37","0","Thriller"
"218","37","0","Thriller"
"224","37","0","Thriller"
"229","37","0","Thriller"
"230","37","0","Thriller"
"235","37","0","Thriller"
"239","37","0","Thriller"
"240","37","0","Thriller"
"245","37","0","Thriller"
"246","37","0","Thriller"
"247","37","0","Thriller"
"250","37","0","Thriller"
"251","37","0","Thriller"
"252","37","0","Thriller"
"257","37","0","Thriller"
"263","37","0","Thriller"
"268","37","0","Thriller"
"269","37","0","Thriller"
"270","37","0","Thriller"
"273","37","0","Thriller"
"280","37","0","Thriller"
"281","37","0","Thriller"
"285","37","0","Thriller"
"286","37","0","Thriller"
"287","37","0","Thriller"
"288","37","0","Thriller"
"289","37","0","Thriller"
"290","37","0","Thriller"
"292","37","0","Thriller"
"297","37","0","Thriller"
"305","37","0","Thriller"
"308","37","0","Thriller"
"310","37","0","Thriller"
"326","37","0","Thriller"
"334","37","0","Thriller"
"340","37","0","Thriller"
"343","37","0","Thriller"
"344","37","0","Thriller"
"348","37","0","Thriller"
"349","37","0","Thriller"
"352","37","0","Thriller"
"355","37","0","Thriller"
"357","37","0","Thriller"
"358","37","0","Thriller"
"359","37","0","Thriller"
"360","37","0","Thriller"
"368","37","0","Thriller"
"369","37","0","Thriller"
"371","37","0","Thriller"
"372","37","0","Thriller"
"377","37","0","Thriller"
"378","37","0","Thriller"
"383","37","0","Thriller"
"384","37","0","Thriller"
"385","37","0","Thriller"
"386","37","0","Thriller"
"387","37","0","Thriller"
"388","37","0","Thriller"
"390","37","0","Thriller"
"391","37","0","Thriller"
"396","37","0","Thriller"
"398","37","0","Thriller"
"402","37","0","Thriller"
"404","37","0","Thriller"
"406","37","0","Thriller"
"408","37","0","Thriller"
"409","37","0","Thriller"
"412","37","0","Thriller"
"413","37","0","Thriller"
"415","37","0","Thriller"
"416","37","0","Thriller"
"417","37","0","Thriller"
"418","37","0","Thriller"
"419","37","0","Thriller"
"420","37","0","Thriller"
"422","37","0","Thriller"
"423","37","0","Thriller"
"424","37","0","Thriller"
"425","37","0","Thriller"
"426","37","0","Thriller"
"436","37","0","Thriller"
"439","37","0","Thriller"
"440","37","0","Thriller"
"441","37","0","Thriller"
"442","37","0","Thriller"
"450","37","0","Thriller"
"451","37","0","Thriller"
"454","37","0","Thriller"
"460","37","0","Thriller"
"461","37","0","Thriller"
"462","37","0","Thriller"
"463","37","0","Thriller"
"466","37","0","Thriller"
"472","37","0","Thriller"
"473","37","0","Thriller"
"476","37","0","Thriller"
"482","37","0","Thriller"
"487","37","0","Thriller"
"492","37","0","Thriller"
"496","37","0","Thriller"
"497","37","0","Thriller"
"498","37","0","Thriller"
"499","37","0","Thriller"
"503","37","0","Thriller"
"504","37","0","Thriller"
"508","37","0","Thriller"
"511","37","0","Thriller"
"512","37","0","Thriller"
"513","37","0","Thriller"
"515","37","0","Thriller"
"517","37","0","Thriller"
"519","37","0","Thriller"
"150","44","0","War"
"285","44","0","War"
"286","44","0","War"
"287","44","0","War"
"362","44","0","War"
"400","44","0","War"
"483","44","0","War"
"502","44","0","War"
"93","48","0","Western"
"139","48","0","Western"
"223","48","0","Western"
"253","48","0","Western"
"413","48","0","Western"
"478","48","0","Western"
